{
  "model_A": {
    "r2": 0.9936149544707467,
    "rmse": 22.582681043559802,
    "mae": 8.285682523517657,
    "per_weapon": {
      "Akash": {
        "r2": 0.9861886152848309,
        "rmse": 32.84037624602086,
        "mae": 10.18677386727231
      },
      "Amogha3": {
        "r2": 0.9938103111370681,
        "rmse": 23.716350420933903,
        "mae": 9.162730575750734
      },
      "Astra": {
        "r2": 0.9956524511575283,
        "rmse": 21.74222974550498,
        "mae": 9.567530154080124
      },
      "CMDS": {
        "r2": 0.993082854702573,
        "rmse": 22.2926201579944,
        "mae": 11.553731150396766
      },
      "HELINA": {
        "r2": 0.9972706368008966,
        "rmse": 11.254984930235903,
        "mae": 6.321983848291345
      },
      "HWT": {
        "r2": 0.9921624440737795,
        "rmse": 18.426379157263977,
        "mae": 8.48583909896005
      },
      "Konkurs": {
        "r2": 0.9962029412959523,
        "rmse": 16.97796564588968,
        "mae": 6.73177919876624
      },
      "LWT": {
        "r2": 0.998168458237379,
        "rmse": 5.642599049013131,
        "mae": 3.2371740473004187
      },
      "Milan2T": {
        "r2": 0.9959143119870828,
        "rmse": 18.09807824251996,
        "mae": 7.310963617745447
      },
      "Nag": {
        "r2": 0.9933155349606324,
        "rmse": 28.11613292174013,
        "mae": 11.56366945936
      }
    }
  },
  "model_B": {
    "r2": 0.9997687092929695,
    "rmse": 0.008244142638781649,
    "mae": 0.002769232276223579
  },
  "model_C": {
    "classification_report": {
      "0": {
        "precision": 0.9172690763052209,
        "recall": 0.962089300758214,
        "f1-score": 0.9391447368421053,
        "support": 1187.0
      },
      "1": {
        "precision": 0.918918918918919,
        "recall": 0.831973898858075,
        "f1-score": 0.8732876712328768,
        "support": 613.0
      },
      "accuracy": 0.9177777777777778,
      "macro avg": {
        "precision": 0.9180939976120699,
        "recall": 0.8970315998081445,
        "f1-score": 0.906216204037491,
        "support": 1800.0
      },
      "weighted avg": {
        "precision": 0.9178309393731081,
        "recall": 0.9177777777777778,
        "f1-score": 0.9167167472762958,
        "support": 1800.0
      }
    },
    "roc_auc": 0.898269864807849,
    "per_weapon": {
      "Akash": {
        "f1_macro": 0.8937444376980596,
        "recall": 0.8181818181818182,
        "precision": 0.907563025210084
      },
      "Amogha3": {
        "f1_macro": 0.950843727072634,
        "recall": 0.9166666666666666,
        "precision": 0.9565217391304348
      },
      "Astra": {
        "f1_macro": 0.9337451737451739,
        "recall": 0.8793103448275862,
        "precision": 0.9622641509433962
      },
      "CMDS": {
        "f1_macro": 0.9328063241106719,
        "recall": 0.8333333333333334,
        "precision": 1.0
      },
      "HELINA": {
        "f1_macro": 0.875,
        "recall": 0.75,
        "precision": 0.9375
      },
      "HWT": {
        "f1_macro": 0.9542857142857143,
        "recall": 0.8666666666666667,
        "precision": 1.0
      },
      "Konkurs": {
        "f1_macro": 0.9182389937106918,
        "recall": 0.8547008547008547,
        "precision": 0.9259259259259259
      },
      "LWT": {
        "f1_macro": 0.8109839816933638,
        "recall": 0.5714285714285714,
        "precision": 0.8888888888888888
      },
      "Milan2T": {
        "f1_macro": 0.8893745077050472,
        "recall": 0.8068181818181818,
        "precision": 0.8930817610062893
      },
      "Nag": {
        "f1_macro": 0.9305163464165376,
        "recall": 0.9230769230769231,
        "precision": 0.9
      }
    }
  },
  "model_D": {
    "classification_report": {
      "0": {
        "precision": 0.9890046296296297,
        "recall": 0.9994152046783625,
        "f1-score": 0.9941826643397323,
        "support": 1710.0
      },
      "1": {
        "precision": 0.9861111111111112,
        "recall": 0.7888888888888889,
        "f1-score": 0.8765432098765432,
        "support": 90.0
      },
      "accuracy": 0.9888888888888889,
      "macro avg": {
        "precision": 0.9875578703703705,
        "recall": 0.8941520467836257,
        "f1-score": 0.9353629371081378,
        "support": 1800.0
      },
      "weighted avg": {
        "precision": 0.9888599537037037,
        "recall": 0.9888888888888889,
        "f1-score": 0.988300691616573,
        "support": 1800.0
      }
    },
    "roc_auc": 0.9991617933723197
  },
  "model_E": {
    "classification_report": {
      "0": {
        "precision": 0.9109274563820018,
        "recall": 0.9640427599611273,
        "f1-score": 0.9367327667610954,
        "support": 1029.0
      },
      "1": {
        "precision": 0.9015544041450777,
        "recall": 0.696,
        "f1-score": 0.7855530474040632,
        "support": 250.0
      },
      "2": {
        "precision": 0.9092664092664092,
        "recall": 0.9040307101727447,
        "f1-score": 0.9066410009624639,
        "support": 521.0
      },
      "accuracy": 0.9094444444444445,
      "macro avg": {
        "precision": 0.9072494232644962,
        "recall": 0.8546911567112906,
        "f1-score": 0.8763089383758742,
        "support": 1800.0
      },
      "weighted avg": {
        "precision": 0.9091448627117491,
        "recall": 0.9094444444444445,
        "f1-score": 0.9070256890831259,
        "support": 1800.0
      }
    }
  }
}